{
    "youTube.demoModule": {
        "title": "Youtube Videos",
        "blades": {
            "video-list": {
                "labels": {
                    "content": "Content",
                    "modifiedDate": "Last updated"
                },
                "addVideoBlade": {
                    "title": "Add New Youtube Video",
                    "label": {
                        "productId": "Product Id",
                        "productName": "Product Name",
                        "youtubeId": "Youtube URL",
                        "videoTitle": "Video Title"
                    },
                    "placeholders": {
                        "productId": "Enter Product Id",
                        "productName": "Enter Product Name",
                        "youtubeId": "Enter Youtube URL",
                        "videoTitle": "Enter Video Title"
                    }

                },
                "placeholders": {
                    "select-search-field": "Select search Field"
                },
                "searchFieldList": {
                    "ProductId": "ProductId",
                    "ProductName": "ProductName",
                    "YoutubeId": "YoutubeId",
                    "VideoTitle": "VideoTitle"
                }
            }
        },
        "widgets": {
            "item-detail": {
                "title": "Youtube Videos"
            }
        }
    },
    "permissions": {
        "youTubeDemoModule:access": "Open YouTubeDemoModule menu",
        "youTubeDemoModule:create": "Create YouTubeDemoModule related data",
        "youTubeDemoModule:read": "View YouTubeDemoModule related data",
        "youTubeDemoModule:update": "Update YouTubeDemoModule related data",
        "youTubeDemoModule:delete": "Delete YouTubeDemoModule related data"
    },
    "settings": {
        "YouTubeDemoModule": {
            "YouTubeDemoModulePassword": {
                "title": "YouTubeDemoModule Password",
                "description": "YouTubeDemoModule Password setting"
            },
            "YouTubeDemoModuleEnabled": {
                "title": "YouTubeDemoModule Enabled",
                "description": "YouTubeDemoModule Enabled setting"
            }
        }
    }
}
