{
  "orderEvents.demoModule": {
    "blades": {
      "hello-world": {
        "title": "Hello world blade"
      }
    }
  },
  "permissions": {
    "orderEventsDemoModule:access": "Open OrderEventsDemoModule menu",
    "orderEventsDemoModule:create": "Create OrderEventsDemoModule related data",
    "orderEventsDemoModule:read": "View OrderEventsDemoModule related data",
    "orderEventsDemoModule:update": "Update OrderEventsDemoModule related data",
    "orderEventsDemoModule:delete": "Delete OrderEventsDemoModule related data"
  },
  "settings": {
    "OrderEventsDemoModule": {
      "OrderEventsDemoModulePassword": {
        "title": "OrderEventsDemoModule Password",
        "description": "OrderEventsDemoModule Password setting"
      },
      "OrderEventsDemoModuleEnabled": {
        "title": "OrderEventsDemoModule Enabled",
        "description": "OrderEventsDemoModule Enabled setting"
      }
    }
  }
}
