{
  "youTube.demoModule": {
    "blades": {
        "hello-world": {
            "title": "Infosys Youtube Videos"
        }
    }
  },
  "permissions": {
    "youTubeDemoModule:access": "Open YouTubeDemoModule menu",
    "youTubeDemoModule:create": "Create YouTubeDemoModule related data",
    "youTubeDemoModule:read": "View YouTubeDemoModule related data",
    "youTubeDemoModule:update": "Update YouTubeDemoModule related data",
    "youTubeDemoModule:delete": "Delete YouTubeDemoModule related data"
  },
  "settings": {
    "YouTubeDemoModule": {
      "YouTubeDemoModulePassword": {
        "title": "YouTubeDemoModule Password",
        "description": "YouTubeDemoModule Password setting"
      },
      "YouTubeDemoModuleEnabled": {
        "title": "YouTubeDemoModule Enabled",
        "description": "YouTubeDemoModule Enabled setting"
      }
    }
  }
}
